{
    "south_left": {
        "option": "null",
        "rotation": {
            "w": 0.9999999999999793,
            "x": 0.0,
            "y": 0.0,
            "z": -2.0317299327049154e-07
        },
        "translation": {
            "x": -0.8002925515174866,
            "y": 0.5651664137840271,
            "z": 0.0
        }
    },
    "south_right": {
        "option": "null",
        "rotation": {
            "w": 0.9999826997062456,
            "x": 0.0,
            "y": 0.0,
            "z": -0.005882200966349992
        },
        "translation": {
            "x": -0.8188627362251282,
            "y": -0.52877277135849,
            "z": 0.0
        }
    },
    "south_center": {
        "option": "null",
        "rotation": {
            "w": 1.0,
            "x": 0.0,
            "y": 0.0,
            "z": 0.0
        },
        "translation": {
            "x": -0.36842724680900574,
            "y": 0.017135560512542725,
            "z": 0.0
        }
    },
    "west_center": {
        "option": "null",
        "rotation": {
            "w": 0.7104980070753281,
            "x": 0.0,
            "y": 0.0,
            "z": -0.7036992126910383
        },
        "translation": {
            "x": -0.011636972427368164,
            "y": 0.482568621635437,
            "z": 0.0
        }
    },
    "west_left": {
        "option": "null",
        "rotation": {
            "w": 0.9999640981751954,
            "x": 0.0,
            "y": 0.0,
            "z": 0.008473627361893665
        },
        "translation": {
            "x": 0.21007297933101654,
            "y": 0.5507869720458984,
            "z": 0.0
        }
    },
    "west_right": {
        "option": "null",
        "rotation": {
            "w": 1.5587682106760498e-07,
            "x": 0.0,
            "y": 0.0,
            "z": 0.9999999999999879
        },
        "translation": {
            "x": -0.1868482232093811,
            "y": 0.5107691287994385,
            "z": 0.0
        }
    },
    "east_left": {
        "option": "null",
        "rotation": {
            "w": 0.006943955073405896,
            "x": 0.0,
            "y": 0.0,
            "z": 0.9999758904533341
        },
        "translation": {
            "x": -0.25581830739974976,
            "y": -0.5361164212226868,
            "z": 0.0
        }
    },
    "east_center": {
        "option": "null",
        "rotation": {
            "w": 0.7128784472980007,
            "x": 0.0,
            "y": 0.0,
            "z": 0.7012876153034444
        },
        "translation": {
            "x": -0.015912368893623352,
            "y": -0.3941313326358795,
            "z": 0.0
        }
    },
    "east_right": {
        "option": "null",
        "rotation": {
            "w": 1.0,
            "x": 0.0,
            "y": 0.0,
            "z": 0.0
        },
        "translation": {
            "x": 0.22888948023319244,
            "y": -0.5263243913650513,
            "z": 0.0
        }
    },
    "north_center": {
        "option": "null",
        "rotation": {
            "w": 0.006409917340792927,
            "x": 0.0,
            "y": 0.0,
            "z": 0.9999794562688197
        },
        "translation": {
            "x": 0.4104647636413574,
            "y": 0.030621059238910675,
            "z": 0.0
        }
    },
    "north_left": {
        "option": "null",
        "rotation": {
            "w": -0.009432536470152958,
            "x": 0.0,
            "y": 0.0,
            "z": 0.999955512638307
        },
        "translation": {
            "x": 0.8538849353790283,
            "y": -0.5193904638290405,
            "z": 0.0
        }
    },
    "north_right": {
        "option": "null",
        "rotation": {
            "w": -0.006097283306844488,
            "x": 0.0,
            "y": 0.0,
            "z": 0.9999814113953699
        },
        "translation": {
            "x": 0.8496214151382446,
            "y": 0.5721052885055542,
            "z": 0.0
        }
    }
}
